frame.number,frame.time_relative,frame.len,eth.src,eth.dst,ip.src,ip.dst,ipv6.src,ipv6.dst,ip.proto,_ws.col.info
"1","0.179156234","1292","00:15:5d:f3:51:c7","00:15:5d:99:89:6f","172.18.253.191","82.102.159.46",,,"17","Initial, DCID=452a770eabaac661, PKN: 1, CRYPTO, PADDING, CRYPTO, PADDING, CRYPTO, PING, PADDING, CRYPTO, PING, PADDING, PING, PADDING, PING, PING, PADDING, PING"
"2","0.179185594","1292","00:15:5d:f3:51:c7","00:15:5d:99:89:6f","172.18.253.191","82.102.159.46",,,"17","Initial, DCID=452a770eabaac661, PKN: 2, PING, CRYPTO, PING, PADDING, PING, PING, PADDING, PING, CRYPTO, CRYPTO, CRYPTO, CRYPTO, PING, PADDING, CRYPTO, CRYPTO, PING, PING, PING, CRYPTO, PADDING"
"3","0.188891162","82","00:15:5d:99:89:6f","00:15:5d:f3:51:c7","82.102.159.46","172.18.253.191",,,"17","Initial, SCID=e52a770eabaac661, PKN: 1, ACK"
"4","0.190260028","1292","00:15:5d:99:89:6f","00:15:5d:f3:51:c7","82.102.159.46","172.18.253.191",,,"17","Initial, SCID=e52a770eabaac661, PKN: 2, ACK, PADDING"
"5","0.191260137","1292","00:15:5d:99:89:6f","00:15:5d:f3:51:c7","82.102.159.46","172.18.253.191",,,"17","Handshake, SCID=e52a770eabaac661, PKN: 4, CRYPTO"
"6","0.191260245","1292","00:15:5d:99:89:6f","00:15:5d:f3:51:c7","82.102.159.46","172.18.253.191",,,"17","Handshake, SCID=e52a770eabaac661, PKN: 5, CRYPTO"
"7","0.191525699","81","00:15:5d:f3:51:c7","00:15:5d:99:89:6f","172.18.253.191","82.102.159.46",,,"17","Handshake, DCID=e52a770eabaac661, PKN: 3, ACK"
"8","0.194496947","1292","00:15:5d:99:89:6f","00:15:5d:f3:51:c7","82.102.159.46","172.18.253.191",,,"17","Handshake, SCID=e52a770eabaac661, PKN: 6, CRYPTO"
"9","0.194497045","1169","00:15:5d:99:89:6f","00:15:5d:f3:51:c7","82.102.159.46","172.18.253.191",,,"17","Protected Payload (KP0), PKN: 8, STREAM(3), SETTINGS"
"10","0.195014785","81","00:15:5d:f3:51:c7","00:15:5d:99:89:6f","172.18.253.191","82.102.159.46",,,"17","Handshake, DCID=e52a770eabaac661, PKN: 4, ACK"
"11","0.196695795","125","00:15:5d:f3:51:c7","00:15:5d:99:89:6f","172.18.253.191","82.102.159.46",,,"17","Handshake, DCID=e52a770eabaac661, PKN: 5, CRYPTO"
"12","0.196840570","110","00:15:5d:f3:51:c7","00:15:5d:99:89:6f","172.18.253.191","82.102.159.46",,,"17","Protected Payload (KP0), DCID=e52a770eabaac661, PKN: 6, STREAM(2), SETTINGS"
"13","0.197216770","507","00:15:5d:f3:51:c7","00:15:5d:99:89:6f","172.18.253.191","82.102.159.46",,,"17","Protected Payload (KP0), DCID=e52a770eabaac661, PKN: 7, ACK, STREAM(2), PRIORITY_UPDATE, STREAM(10), STREAM(0), HEADERS: GET /edgedl/chrome/dict/en-us-10-1.bdic?cms_redirect=yes&met=1745335559,&mh=7g&mip=46.121.188.204&mm=28&mn=sn-nhpax-ua8r&ms=nvh&mt=1745335217&mv=m&mvi=3&pl=19&rmhost=r1---sn-nhpax-ua8r.gvt1.com&rms=nvh,nvh&shardbypass=sd&smhost=r2---sn-nhpax-ua8y.gvt1.com"
"14","0.204252817","573","00:15:5d:99:89:6f","00:15:5d:f3:51:c7","82.102.159.46","172.18.253.191",,,"17","Protected Payload (KP0), PKN: 9, CRYPTO"
"15","0.204252904","158","00:15:5d:99:89:6f","00:15:5d:f3:51:c7","82.102.159.46","172.18.253.191",,,"17","Protected Payload (KP0), PKN: 10, DONE, NT, NCI"
"16","0.204252947","69","00:15:5d:99:89:6f","00:15:5d:f3:51:c7","82.102.159.46","172.18.253.191",,,"17","Protected Payload (KP0), PKN: 11, ACK, STREAM(7)"
"17","0.204916703","73","00:15:5d:f3:51:c7","00:15:5d:99:89:6f","172.18.253.191","82.102.159.46",,,"17","Protected Payload (KP0), DCID=e52a770eabaac661, PKN: 8, ACK"
"18","0.209161173","352","00:15:5d:99:89:6f","00:15:5d:f3:51:c7","82.102.159.46","172.18.253.191",,,"17","Protected Payload (KP0), PKN: 12, STREAM(11), STREAM(0), HEADERS: 200 OK"
"19","0.209161271","1288","00:15:5d:99:89:6f","00:15:5d:f3:51:c7","82.102.159.46","172.18.253.191",,,"17","Protected Payload (KP0), PKN: 13, STREAM(0)"
"20","0.209161314","1292","00:15:5d:99:89:6f","00:15:5d:f3:51:c7","82.102.159.46","172.18.253.191",,,"17","Protected Payload (KP0), PKN: 14, STREAM(0)"
"21","0.209161357","1292","00:15:5d:99:89:6f","00:15:5d:f3:51:c7","82.102.159.46","172.18.253.191",,,"17","Protected Payload (KP0), PKN: 15, STREAM(0)"
"22","0.209161401","1292","00:15:5d:99:89:6f","00:15:5d:f3:51:c7","82.102.159.46","172.18.253.191",,,"17","Protected Payload (KP0), PKN: 16, STREAM(0)"
"23","0.209161433","1292","00:15:5d:99:89:6f","00:15:5d:f3:51:c7","82.102.159.46","172.18.253.191",,,"17","Protected Payload (KP0), PKN: 17, STREAM(0)"
"24","0.209161477","1292","00:15:5d:99:89:6f","00:15:5d:f3:51:c7","82.102.159.46","172.18.253.191",,,"17","Protected Payload (KP0), PKN: 18, STREAM(0)"
"25","0.209161509","1292","00:15:5d:99:89:6f","00:15:5d:f3:51:c7","82.102.159.46","172.18.253.191",,,"17","Protected Payload (KP0), PKN: 19, STREAM(0)"
"26","0.209185420","1292","00:15:5d:99:89:6f","00:15:5d:f3:51:c7","82.102.159.46","172.18.253.191",,,"17","Protected Payload (KP0), PKN: 20, STREAM(0)"
"27","0.209325438","77","00:15:5d:f3:51:c7","00:15:5d:99:89:6f","172.18.253.191","82.102.159.46",,,"17","Protected Payload (KP0), DCID=e52a770eabaac661, PKN: 9, ACK, STREAM(6)"
"28","0.209406325","73","00:15:5d:f3:51:c7","00:15:5d:99:89:6f","172.18.253.191","82.102.159.46",,,"17","Protected Payload (KP0), DCID=e52a770eabaac661, PKN: 10, ACK"
"29","0.209440940","73","00:15:5d:f3:51:c7","00:15:5d:99:89:6f","172.18.253.191","82.102.159.46",,,"17","Protected Payload (KP0), DCID=e52a770eabaac661, PKN: 11, ACK"
"30","0.209470018","73","00:15:5d:f3:51:c7","00:15:5d:99:89:6f","172.18.253.191","82.102.159.46",,,"17","Protected Payload (KP0), DCID=e52a770eabaac661, PKN: 12, ACK"
"31","0.209501133","73","00:15:5d:f3:51:c7","00:15:5d:99:89:6f","172.18.253.191","82.102.159.46",,,"17","Protected Payload (KP0), DCID=e52a770eabaac661, PKN: 13, ACK"
"32","0.215212517","1292","00:15:5d:99:89:6f","00:15:5d:f3:51:c7","82.102.159.46","172.18.253.191",,,"17","Protected Payload (KP0), PKN: 21, STREAM(0)"
"33","0.215212690","1292","00:15:5d:99:89:6f","00:15:5d:f3:51:c7","82.102.159.46","172.18.253.191",,,"17","Protected Payload (KP0), PKN: 22, STREAM(0)"
"34","0.215212777","1292","00:15:5d:99:89:6f","00:15:5d:f3:51:c7","82.102.159.46","172.18.253.191",,,"17","Protected Payload (KP0), PKN: 23, STREAM(0)"
"35","0.215212853","1292","00:15:5d:99:89:6f","00:15:5d:f3:51:c7","82.102.159.46","172.18.253.191",,,"17","Protected Payload (KP0), PKN: 24, STREAM(0)"
"36","0.215212918","1292","00:15:5d:99:89:6f","00:15:5d:f3:51:c7","82.102.159.46","172.18.253.191",,,"17","Protected Payload (KP0), PKN: 25, STREAM(0)"
"37","0.215212983","1292","00:15:5d:99:89:6f","00:15:5d:f3:51:c7","82.102.159.46","172.18.253.191",,,"17","Protected Payload (KP0), PKN: 26, STREAM(0)"
"38","0.215213048","1292","00:15:5d:99:89:6f","00:15:5d:f3:51:c7","82.102.159.46","172.18.253.191",,,"17","Protected Payload (KP0), PKN: 27, STREAM(0)"
"39","0.215257749","1292","00:15:5d:99:89:6f","00:15:5d:f3:51:c7","82.102.159.46","172.18.253.191",,,"17","Protected Payload (KP0), PKN: 28, STREAM(0)"
"40","0.215257911","1292","00:15:5d:99:89:6f","00:15:5d:f3:51:c7","82.102.159.46","172.18.253.191",,,"17","Protected Payload (KP0), PKN: 29, STREAM(0)"
"41","0.215257998","1292","00:15:5d:99:89:6f","00:15:5d:f3:51:c7","82.102.159.46","172.18.253.191",,,"17","Protected Payload (KP0), PKN: 30, STREAM(0)"
"42","0.215258074","1292","00:15:5d:99:89:6f","00:15:5d:f3:51:c7","82.102.159.46","172.18.253.191",,,"17","Protected Payload (KP0), PKN: 31, STREAM(0)"
"43","0.215258139","1292","00:15:5d:99:89:6f","00:15:5d:f3:51:c7","82.102.159.46","172.18.253.191",,,"17","Protected Payload (KP0), PKN: 32, STREAM(0)"
"44","0.215258204","1292","00:15:5d:99:89:6f","00:15:5d:f3:51:c7","82.102.159.46","172.18.253.191",,,"17","Protected Payload (KP0), PKN: 33, STREAM(0)"
"45","0.215371603","73","00:15:5d:f3:51:c7","00:15:5d:99:89:6f","172.18.253.191","82.102.159.46",,,"17","Protected Payload (KP0), DCID=e52a770eabaac661, PKN: 14, ACK"
"46","0.215418829","73","00:15:5d:f3:51:c7","00:15:5d:99:89:6f","172.18.253.191","82.102.159.46",,,"17","Protected Payload (KP0), DCID=e52a770eabaac661, PKN: 15, ACK"
"47","0.215450497","73","00:15:5d:f3:51:c7","00:15:5d:99:89:6f","172.18.253.191","82.102.159.46",,,"17","Protected Payload (KP0), DCID=e52a770eabaac661, PKN: 16, ACK"
"48","0.215479640","73","00:15:5d:f3:51:c7","00:15:5d:99:89:6f","172.18.253.191","82.102.159.46",,,"17","Protected Payload (KP0), DCID=e52a770eabaac661, PKN: 17, ACK"
"49","0.215508675","73","00:15:5d:f3:51:c7","00:15:5d:99:89:6f","172.18.253.191","82.102.159.46",,,"17","Protected Payload (KP0), DCID=e52a770eabaac661, PKN: 18, ACK"
"50","0.215537862","73","00:15:5d:f3:51:c7","00:15:5d:99:89:6f","172.18.253.191","82.102.159.46",,,"17","Protected Payload (KP0), DCID=e52a770eabaac661, PKN: 19, ACK"
"51","0.217077634","1292","00:15:5d:99:89:6f","00:15:5d:f3:51:c7","82.102.159.46","172.18.253.191",,,"17","Protected Payload (KP0), PKN: 34, STREAM(0)"
"52","0.217077743","1292","00:15:5d:99:89:6f","00:15:5d:f3:51:c7","82.102.159.46","172.18.253.191",,,"17","Protected Payload (KP0), PKN: 35, STREAM(0)"
"53","0.217077797","1292","00:15:5d:99:89:6f","00:15:5d:f3:51:c7","82.102.159.46","172.18.253.191",,,"17","Protected Payload (KP0), PKN: 36, STREAM(0)"
"54","0.217167361","73","00:15:5d:f3:51:c7","00:15:5d:99:89:6f","172.18.253.191","82.102.159.46",,,"17","Protected Payload (KP0), DCID=e52a770eabaac661, PKN: 20, ACK"
"55","0.217255409","73","00:15:5d:f3:51:c7","00:15:5d:99:89:6f","172.18.253.191","82.102.159.46",,,"17","Protected Payload (KP0), DCID=e52a770eabaac661, PKN: 21, ACK"
"56","0.243841127","1292","00:15:5d:99:89:6f","00:15:5d:f3:51:c7","82.102.159.46","172.18.253.191",,,"17","Protected Payload (KP0), PKN: 37, STREAM(0)"
"57","0.243841322","1292","00:15:5d:99:89:6f","00:15:5d:f3:51:c7","82.102.159.46","172.18.253.191",,,"17","Protected Payload (KP0), PKN: 38, STREAM(0)"
"58","0.243841409","1292","00:15:5d:99:89:6f","00:15:5d:f3:51:c7","82.102.159.46","172.18.253.191",,,"17","Protected Payload (KP0), PKN: 39, STREAM(0)"
"59","0.243841485","1292","00:15:5d:99:89:6f","00:15:5d:f3:51:c7","82.102.159.46","172.18.253.191",,,"17","Protected Payload (KP0), PKN: 40, STREAM(0)"
"60","0.243841550","1292","00:15:5d:99:89:6f","00:15:5d:f3:51:c7","82.102.159.46","172.18.253.191",,,"17","Protected Payload (KP0), PKN: 41, STREAM(0)"
"61","0.243841615","1292","00:15:5d:99:89:6f","00:15:5d:f3:51:c7","82.102.159.46","172.18.253.191",,,"17","Protected Payload (KP0), PKN: 42, STREAM(0)"
"62","0.243841680","1292","00:15:5d:99:89:6f","00:15:5d:f3:51:c7","82.102.159.46","172.18.253.191",,,"17","Protected Payload (KP0), PKN: 43, STREAM(0)"
"63","0.243841745","1292","00:15:5d:99:89:6f","00:15:5d:f3:51:c7","82.102.159.46","172.18.253.191",,,"17","Protected Payload (KP0), PKN: 44, STREAM(0)"
"64","0.243894354","1292","00:15:5d:99:89:6f","00:15:5d:f3:51:c7","82.102.159.46","172.18.253.191",,,"17","Protected Payload (KP0), PKN: 45, STREAM(0)"
"65","0.243894506","1292","00:15:5d:99:89:6f","00:15:5d:f3:51:c7","82.102.159.46","172.18.253.191",,,"17","Protected Payload (KP0), PKN: 46, STREAM(0)"
"66","0.243894593","1292","00:15:5d:99:89:6f","00:15:5d:f3:51:c7","82.102.159.46","172.18.253.191",,,"17","Protected Payload (KP0), PKN: 47, STREAM(0)"
"67","0.243894669","1292","00:15:5d:99:89:6f","00:15:5d:f3:51:c7","82.102.159.46","172.18.253.191",,,"17","Protected Payload (KP0), PKN: 48, STREAM(0)"
"68","0.243894734","1292","00:15:5d:99:89:6f","00:15:5d:f3:51:c7","82.102.159.46","172.18.253.191",,,"17","Protected Payload (KP0), PKN: 49, STREAM(0)"
"69","0.243894799","1292","00:15:5d:99:89:6f","00:15:5d:f3:51:c7","82.102.159.46","172.18.253.191",,,"17","Protected Payload (KP0), PKN: 50, STREAM(0)"
"70","0.243894864","1292","00:15:5d:99:89:6f","00:15:5d:f3:51:c7","82.102.159.46","172.18.253.191",,,"17","Protected Payload (KP0), PKN: 51, STREAM(0)"
"71","0.243894940","1292","00:15:5d:99:89:6f","00:15:5d:f3:51:c7","82.102.159.46","172.18.253.191",,,"17","Protected Payload (KP0), PKN: 52, STREAM(0)"
"72","0.243910031","1292","00:15:5d:99:89:6f","00:15:5d:f3:51:c7","82.102.159.46","172.18.253.191",,,"17","Protected Payload (KP0), PKN: 53, STREAM(0)"
"73","0.243910118","1292","00:15:5d:99:89:6f","00:15:5d:f3:51:c7","82.102.159.46","172.18.253.191",,,"17","Protected Payload (KP0), PKN: 54, STREAM(0)"
"74","0.244072119","73","00:15:5d:f3:51:c7","00:15:5d:99:89:6f","172.18.253.191","82.102.159.46",,,"17","Protected Payload (KP0), DCID=e52a770eabaac661, PKN: 22, ACK"
"75","0.244122605","73","00:15:5d:f3:51:c7","00:15:5d:99:89:6f","172.18.253.191","82.102.159.46",,,"17","Protected Payload (KP0), DCID=e52a770eabaac661, PKN: 23, ACK"
"76","0.244182864","73","00:15:5d:f3:51:c7","00:15:5d:99:89:6f","172.18.253.191","82.102.159.46",,,"17","Protected Payload (KP0), DCID=e52a770eabaac661, PKN: 24, ACK"
"77","0.244231942","73","00:15:5d:f3:51:c7","00:15:5d:99:89:6f","172.18.253.191","82.102.159.46",,,"17","Protected Payload (KP0), DCID=e52a770eabaac661, PKN: 25, ACK"
"78","0.244273220","73","00:15:5d:f3:51:c7","00:15:5d:99:89:6f","172.18.253.191","82.102.159.46",,,"17","Protected Payload (KP0), DCID=e52a770eabaac661, PKN: 26, ACK"
"79","0.244324573","73","00:15:5d:f3:51:c7","00:15:5d:99:89:6f","172.18.253.191","82.102.159.46",,,"17","Protected Payload (KP0), DCID=e52a770eabaac661, PKN: 27, ACK"
"80","0.244374420","73","00:15:5d:f3:51:c7","00:15:5d:99:89:6f","172.18.253.191","82.102.159.46",,,"17","Protected Payload (KP0), DCID=e52a770eabaac661, PKN: 28, ACK"
"81","0.244420270","78","00:15:5d:f3:51:c7","00:15:5d:99:89:6f","172.18.253.191","82.102.159.46",,,"17","Protected Payload (KP0), DCID=e52a770eabaac661, PKN: 29, ACK, MD"
"82","0.244475328","73","00:15:5d:f3:51:c7","00:15:5d:99:89:6f","172.18.253.191","82.102.159.46",,,"17","Protected Payload (KP0), DCID=e52a770eabaac661, PKN: 30, ACK"
"83","0.252513413","1292","00:15:5d:99:89:6f","00:15:5d:f3:51:c7","82.102.159.46","172.18.253.191",,,"17","Protected Payload (KP0), PKN: 55, ACK, STREAM(0)"
"84","0.252513510","1292","00:15:5d:99:89:6f","00:15:5d:f3:51:c7","82.102.159.46","172.18.253.191",,,"17","Protected Payload (KP0), PKN: 56, STREAM(0)"
"85","0.252513564","1292","00:15:5d:99:89:6f","00:15:5d:f3:51:c7","82.102.159.46","172.18.253.191",,,"17","Protected Payload (KP0), PKN: 57, STREAM(0)"
"86","0.252513608","1292","00:15:5d:99:89:6f","00:15:5d:f3:51:c7","82.102.159.46","172.18.253.191",,,"17","Protected Payload (KP0), PKN: 58, STREAM(0)"
"87","0.252513640","1292","00:15:5d:99:89:6f","00:15:5d:f3:51:c7","82.102.159.46","172.18.253.191",,,"17","Protected Payload (KP0), PKN: 59, STREAM(0)"
"88","0.252513673","1292","00:15:5d:99:89:6f","00:15:5d:f3:51:c7","82.102.159.46","172.18.253.191",,,"17","Protected Payload (KP0), PKN: 60, STREAM(0)"
"89","0.252513716","1292","00:15:5d:99:89:6f","00:15:5d:f3:51:c7","82.102.159.46","172.18.253.191",,,"17","Protected Payload (KP0), PKN: 61, STREAM(0)"
"90","0.252513748","1292","00:15:5d:99:89:6f","00:15:5d:f3:51:c7","82.102.159.46","172.18.253.191",,,"17","Protected Payload (KP0), PKN: 62, STREAM(0)"
"91","0.252706594","73","00:15:5d:f3:51:c7","00:15:5d:99:89:6f","172.18.253.191","82.102.159.46",,,"17","Protected Payload (KP0), DCID=e52a770eabaac661, PKN: 31, ACK"
"92","0.252746810","73","00:15:5d:f3:51:c7","00:15:5d:99:89:6f","172.18.253.191","82.102.159.46",,,"17","Protected Payload (KP0), DCID=e52a770eabaac661, PKN: 32, ACK"
"93","0.252777524","73","00:15:5d:f3:51:c7","00:15:5d:99:89:6f","172.18.253.191","82.102.159.46",,,"17","Protected Payload (KP0), DCID=e52a770eabaac661, PKN: 33, ACK"
"94","0.252806819","73","00:15:5d:f3:51:c7","00:15:5d:99:89:6f","172.18.253.191","82.102.159.46",,,"17","Protected Payload (KP0), DCID=e52a770eabaac661, PKN: 34, ACK"
"95","0.263849748","1292","00:15:5d:99:89:6f","00:15:5d:f3:51:c7","82.102.159.46","172.18.253.191",,,"17","Protected Payload (KP0), PKN: 63, STREAM(0)"
"96","0.263849867","1292","00:15:5d:99:89:6f","00:15:5d:f3:51:c7","82.102.159.46","172.18.253.191",,,"17","Protected Payload (KP0), PKN: 64, STREAM(0)"
"97","0.263849921","1292","00:15:5d:99:89:6f","00:15:5d:f3:51:c7","82.102.159.46","172.18.253.191",,,"17","Protected Payload (KP0), PKN: 65, STREAM(0)"
"98","0.263849964","1292","00:15:5d:99:89:6f","00:15:5d:f3:51:c7","82.102.159.46","172.18.253.191",,,"17","Protected Payload (KP0), PKN: 66, STREAM(0)"
"99","0.263849997","1292","00:15:5d:99:89:6f","00:15:5d:f3:51:c7","82.102.159.46","172.18.253.191",,,"17","Protected Payload (KP0), PKN: 67, STREAM(0)"
"100","0.263869292","1292","00:15:5d:99:89:6f","00:15:5d:f3:51:c7","82.102.159.46","172.18.253.191",,,"17","Protected Payload (KP0), PKN: 68, STREAM(0)"
"101","0.263869346","1292","00:15:5d:99:89:6f","00:15:5d:f3:51:c7","82.102.159.46","172.18.253.191",,,"17","Protected Payload (KP0), PKN: 69, STREAM(0)"
"102","0.263869390","1292","00:15:5d:99:89:6f","00:15:5d:f3:51:c7","82.102.159.46","172.18.253.191",,,"17","Protected Payload (KP0), PKN: 70, STREAM(0)"
"103","0.264094863","74","00:15:5d:f3:51:c7","00:15:5d:99:89:6f","172.18.253.191","82.102.159.46",,,"17","Protected Payload (KP0), DCID=e52a770eabaac661, PKN: 35, ACK"
"104","0.264145696","74","00:15:5d:f3:51:c7","00:15:5d:99:89:6f","172.18.253.191","82.102.159.46",,,"17","Protected Payload (KP0), DCID=e52a770eabaac661, PKN: 36, ACK"
"105","0.264178805","74","00:15:5d:f3:51:c7","00:15:5d:99:89:6f","172.18.253.191","82.102.159.46",,,"17","Protected Payload (KP0), DCID=e52a770eabaac661, PKN: 37, ACK"
"106","0.264209313","74","00:15:5d:f3:51:c7","00:15:5d:99:89:6f","172.18.253.191","82.102.159.46",,,"17","Protected Payload (KP0), DCID=e52a770eabaac661, PKN: 38, ACK"
"107","0.269799025","1292","00:15:5d:99:89:6f","00:15:5d:f3:51:c7","82.102.159.46","172.18.253.191",,,"17","Protected Payload (KP0), PKN: 71, STREAM(0)"
"108","0.269799274","1292","00:15:5d:99:89:6f","00:15:5d:f3:51:c7","82.102.159.46","172.18.253.191",,,"17","Protected Payload (KP0), PKN: 72, STREAM(0)"
"109","0.269799328","1292","00:15:5d:99:89:6f","00:15:5d:f3:51:c7","82.102.159.46","172.18.253.191",,,"17","Protected Payload (KP0), PKN: 73, STREAM(0)"
"110","0.269799372","1292","00:15:5d:99:89:6f","00:15:5d:f3:51:c7","82.102.159.46","172.18.253.191",,,"17","Protected Payload (KP0), PKN: 74, STREAM(0)"
"111","0.269799404","1292","00:15:5d:99:89:6f","00:15:5d:f3:51:c7","82.102.159.46","172.18.253.191",,,"17","Protected Payload (KP0), PKN: 75, STREAM(0)"
"112","0.269799447","1292","00:15:5d:99:89:6f","00:15:5d:f3:51:c7","82.102.159.46","172.18.253.191",,,"17","Protected Payload (KP0), PKN: 76, STREAM(0)"
"113","0.269799480","1292","00:15:5d:99:89:6f","00:15:5d:f3:51:c7","82.102.159.46","172.18.253.191",,,"17","Protected Payload (KP0), PKN: 77, STREAM(0)"
"114","0.269799523","1292","00:15:5d:99:89:6f","00:15:5d:f3:51:c7","82.102.159.46","172.18.253.191",,,"17","Protected Payload (KP0), PKN: 78, STREAM(0)"
"115","0.269820173","1292","00:15:5d:99:89:6f","00:15:5d:f3:51:c7","82.102.159.46","172.18.253.191",,,"17","Protected Payload (KP0), PKN: 79, STREAM(0)"
"116","0.269820238","1292","00:15:5d:99:89:6f","00:15:5d:f3:51:c7","82.102.159.46","172.18.253.191",,,"17","Protected Payload (KP0), PKN: 80, STREAM(0)"
"117","0.269820281","1292","00:15:5d:99:89:6f","00:15:5d:f3:51:c7","82.102.159.46","172.18.253.191",,,"17","Protected Payload (KP0), PKN: 81, STREAM(0)"
"118","0.269820314","1292","00:15:5d:99:89:6f","00:15:5d:f3:51:c7","82.102.159.46","172.18.253.191",,,"17","Protected Payload (KP0), PKN: 82, STREAM(0)"
"119","0.269820357","1292","00:15:5d:99:89:6f","00:15:5d:f3:51:c7","82.102.159.46","172.18.253.191",,,"17","Protected Payload (KP0), PKN: 83, STREAM(0)"
"120","0.269820390","1292","00:15:5d:99:89:6f","00:15:5d:f3:51:c7","82.102.159.46","172.18.253.191",,,"17","Protected Payload (KP0), PKN: 84, STREAM(0)"
"121","0.269820433","1292","00:15:5d:99:89:6f","00:15:5d:f3:51:c7","82.102.159.46","172.18.253.191",,,"17","Protected Payload (KP0), PKN: 85, STREAM(0)"
"122","0.269941817","74","00:15:5d:f3:51:c7","00:15:5d:99:89:6f","172.18.253.191","82.102.159.46",,,"17","Protected Payload (KP0), DCID=e52a770eabaac661, PKN: 39, ACK"
"123","0.270017124","74","00:15:5d:f3:51:c7","00:15:5d:99:89:6f","172.18.253.191","82.102.159.46",,,"17","Protected Payload (KP0), DCID=e52a770eabaac661, PKN: 40, ACK"
"124","0.270055271","74","00:15:5d:f3:51:c7","00:15:5d:99:89:6f","172.18.253.191","82.102.159.46",,,"17","Protected Payload (KP0), DCID=e52a770eabaac661, PKN: 41, ACK"
"125","0.270087318","74","00:15:5d:f3:51:c7","00:15:5d:99:89:6f","172.18.253.191","82.102.159.46",,,"17","Protected Payload (KP0), DCID=e52a770eabaac661, PKN: 42, ACK"
"126","0.270119072","74","00:15:5d:f3:51:c7","00:15:5d:99:89:6f","172.18.253.191","82.102.159.46",,,"17","Protected Payload (KP0), DCID=e52a770eabaac661, PKN: 43, ACK"
"127","0.270161368","74","00:15:5d:f3:51:c7","00:15:5d:99:89:6f","172.18.253.191","82.102.159.46",,,"17","Protected Payload (KP0), DCID=e52a770eabaac661, PKN: 44, ACK"
"128","0.270193870","75","00:15:5d:f3:51:c7","00:15:5d:99:89:6f","172.18.253.191","82.102.159.46",,,"17","Protected Payload (KP0), DCID=e52a770eabaac661, PKN: 45, ACK"
"129","0.275718173","1292","00:15:5d:99:89:6f","00:15:5d:f3:51:c7","82.102.159.46","172.18.253.191",,,"17","Protected Payload (KP0), PKN: 86, STREAM(0)"
"130","0.275718271","1292","00:15:5d:99:89:6f","00:15:5d:f3:51:c7","82.102.159.46","172.18.253.191",,,"17","Protected Payload (KP0), PKN: 87, STREAM(0)"
"131","0.275718325","1292","00:15:5d:99:89:6f","00:15:5d:f3:51:c7","82.102.159.46","172.18.253.191",,,"17","Protected Payload (KP0), PKN: 88, STREAM(0)"
"132","0.275718357","1292","00:15:5d:99:89:6f","00:15:5d:f3:51:c7","82.102.159.46","172.18.253.191",,,"17","Protected Payload (KP0), PKN: 89, STREAM(0)"
"133","0.275718401","1292","00:15:5d:99:89:6f","00:15:5d:f3:51:c7","82.102.159.46","172.18.253.191",,,"17","Protected Payload (KP0), PKN: 90, STREAM(0)"
"134","0.275718444","1292","00:15:5d:99:89:6f","00:15:5d:f3:51:c7","82.102.159.46","172.18.253.191",,,"17","Protected Payload (KP0), PKN: 91, STREAM(0)"
"135","0.275718477","1292","00:15:5d:99:89:6f","00:15:5d:f3:51:c7","82.102.159.46","172.18.253.191",,,"17","Protected Payload (KP0), PKN: 92, STREAM(0)"
"136","0.275718520","1292","00:15:5d:99:89:6f","00:15:5d:f3:51:c7","82.102.159.46","172.18.253.191",,,"17","Protected Payload (KP0), PKN: 93, STREAM(0)"
"137","0.275735475","1292","00:15:5d:99:89:6f","00:15:5d:f3:51:c7","82.102.159.46","172.18.253.191",,,"17","Protected Payload (KP0), PKN: 94, STREAM(0)"
"138","0.275735529","1292","00:15:5d:99:89:6f","00:15:5d:f3:51:c7","82.102.159.46","172.18.253.191",,,"17","Protected Payload (KP0), PKN: 95, STREAM(0)"
"139","0.275735573","1292","00:15:5d:99:89:6f","00:15:5d:f3:51:c7","82.102.159.46","172.18.253.191",,,"17","Protected Payload (KP0), PKN: 96, STREAM(0)"
"140","0.275735616","1292","00:15:5d:99:89:6f","00:15:5d:f3:51:c7","82.102.159.46","172.18.253.191",,,"17","Protected Payload (KP0), PKN: 97, STREAM(0)"
"141","0.275735649","1292","00:15:5d:99:89:6f","00:15:5d:f3:51:c7","82.102.159.46","172.18.253.191",,,"17","Protected Payload (KP0), PKN: 98, STREAM(0)"
"142","0.275862092","75","00:15:5d:f3:51:c7","00:15:5d:99:89:6f","172.18.253.191","82.102.159.46",,,"17","Protected Payload (KP0), DCID=e52a770eabaac661, PKN: 46, ACK"
"143","0.275912806","75","00:15:5d:f3:51:c7","00:15:5d:99:89:6f","172.18.253.191","82.102.159.46",,,"17","Protected Payload (KP0), DCID=e52a770eabaac661, PKN: 47, ACK"
"144","0.275944712","75","00:15:5d:f3:51:c7","00:15:5d:99:89:6f","172.18.253.191","82.102.159.46",,,"17","Protected Payload (KP0), DCID=e52a770eabaac661, PKN: 48, ACK"
"145","0.275978742","80","00:15:5d:f3:51:c7","00:15:5d:99:89:6f","172.18.253.191","82.102.159.46",,,"17","Protected Payload (KP0), DCID=e52a770eabaac661, PKN: 49, ACK, MD"
"146","0.276011612","75","00:15:5d:f3:51:c7","00:15:5d:99:89:6f","172.18.253.191","82.102.159.46",,,"17","Protected Payload (KP0), DCID=e52a770eabaac661, PKN: 50, ACK"
"147","0.276041308","75","00:15:5d:f3:51:c7","00:15:5d:99:89:6f","172.18.253.191","82.102.159.46",,,"17","Protected Payload (KP0), DCID=e52a770eabaac661, PKN: 51, ACK"
"148","0.276070094","75","00:15:5d:f3:51:c7","00:15:5d:99:89:6f","172.18.253.191","82.102.159.46",,,"17","Protected Payload (KP0), DCID=e52a770eabaac661, PKN: 52, ACK"
"149","0.278448299","1292","00:15:5d:99:89:6f","00:15:5d:f3:51:c7","82.102.159.46","172.18.253.191",,,"17","Protected Payload (KP0), PKN: 99, STREAM(0)"
"150","0.278448483","1292","00:15:5d:99:89:6f","00:15:5d:f3:51:c7","82.102.159.46","172.18.253.191",,,"17","Protected Payload (KP0), PKN: 100, STREAM(0)"
"151","0.278448537","1292","00:15:5d:99:89:6f","00:15:5d:f3:51:c7","82.102.159.46","172.18.253.191",,,"17","Protected Payload (KP0), PKN: 101, STREAM(0)"
"152","0.278448592","1292","00:15:5d:99:89:6f","00:15:5d:f3:51:c7","82.102.159.46","172.18.253.191",,,"17","Protected Payload (KP0), PKN: 102, STREAM(0)"
"153","0.278573269","75","00:15:5d:f3:51:c7","00:15:5d:99:89:6f","172.18.253.191","82.102.159.46",,,"17","Protected Payload (KP0), DCID=e52a770eabaac661, PKN: 53, ACK"
"154","0.278668446","75","00:15:5d:f3:51:c7","00:15:5d:99:89:6f","172.18.253.191","82.102.159.46",,,"17","Protected Payload (KP0), DCID=e52a770eabaac661, PKN: 54, ACK"
"155","0.288852488","1292","00:15:5d:99:89:6f","00:15:5d:f3:51:c7","82.102.159.46","172.18.253.191",,,"17","Protected Payload (KP0), PKN: 103, ACK, STREAM(0)"
"156","0.288852867","1292","00:15:5d:99:89:6f","00:15:5d:f3:51:c7","82.102.159.46","172.18.253.191",,,"17","Protected Payload (KP0), PKN: 104, STREAM(0)"
"157","0.288852953","1292","00:15:5d:99:89:6f","00:15:5d:f3:51:c7","82.102.159.46","172.18.253.191",,,"17","Protected Payload (KP0), PKN: 105, STREAM(0)"
"158","0.288853029","1292","00:15:5d:99:89:6f","00:15:5d:f3:51:c7","82.102.159.46","172.18.253.191",,,"17","Protected Payload (KP0), PKN: 106, STREAM(0)"
"159","0.288853094","1292","00:15:5d:99:89:6f","00:15:5d:f3:51:c7","82.102.159.46","172.18.253.191",,,"17","Protected Payload (KP0), PKN: 107, STREAM(0)"
"160","0.288853159","1292","00:15:5d:99:89:6f","00:15:5d:f3:51:c7","82.102.159.46","172.18.253.191",,,"17","Protected Payload (KP0), PKN: 108, STREAM(0)"
"161","0.288853235","1292","00:15:5d:99:89:6f","00:15:5d:f3:51:c7","82.102.159.46","172.18.253.191",,,"17","Protected Payload (KP0), PKN: 109, STREAM(0)"
"162","0.288853300","1292","00:15:5d:99:89:6f","00:15:5d:f3:51:c7","82.102.159.46","172.18.253.191",,,"17","Protected Payload (KP0), PKN: 110, STREAM(0)"
"163","0.288883527","1292","00:15:5d:99:89:6f","00:15:5d:f3:51:c7","82.102.159.46","172.18.253.191",,,"17","Protected Payload (KP0), PKN: 111, STREAM(0)"
"164","0.288883614","1292","00:15:5d:99:89:6f","00:15:5d:f3:51:c7","82.102.159.46","172.18.253.191",,,"17","Protected Payload (KP0), PKN: 112, STREAM(0)"
"165","0.288883689","1292","00:15:5d:99:89:6f","00:15:5d:f3:51:c7","82.102.159.46","172.18.253.191",,,"17","Protected Payload (KP0), PKN: 113, STREAM(0)"
"166","0.288883754","1292","00:15:5d:99:89:6f","00:15:5d:f3:51:c7","82.102.159.46","172.18.253.191",,,"17","Protected Payload (KP0), PKN: 114, STREAM(0)"
"167","0.288883830","1292","00:15:5d:99:89:6f","00:15:5d:f3:51:c7","82.102.159.46","172.18.253.191",,,"17","Protected Payload (KP0), PKN: 115, STREAM(0)"
"168","0.289118462","74","00:15:5d:f3:51:c7","00:15:5d:99:89:6f","172.18.253.191","82.102.159.46",,,"17","Protected Payload (KP0), DCID=e52a770eabaac661, PKN: 55, ACK"
"169","0.289250345","74","00:15:5d:f3:51:c7","00:15:5d:99:89:6f","172.18.253.191","82.102.159.46",,,"17","Protected Payload (KP0), DCID=e52a770eabaac661, PKN: 56, ACK"
"170","0.291496852","75","00:15:5d:f3:51:c7","00:15:5d:99:89:6f","172.18.253.191","82.102.159.46",,,"17","Protected Payload (KP0), DCID=e52a770eabaac661, PKN: 57, ACK"
"171","0.300588077","1292","00:15:5d:99:89:6f","00:15:5d:f3:51:c7","82.102.159.46","172.18.253.191",,,"17","Protected Payload (KP0), PKN: 116, STREAM(0)"
"172","0.300588467","1292","00:15:5d:99:89:6f","00:15:5d:f3:51:c7","82.102.159.46","172.18.253.191",,,"17","Protected Payload (KP0), PKN: 117, STREAM(0)"
"173","0.300588553","1292","00:15:5d:99:89:6f","00:15:5d:f3:51:c7","82.102.159.46","172.18.253.191",,,"17","Protected Payload (KP0), PKN: 118, STREAM(0)"
"174","0.300588629","1292","00:15:5d:99:89:6f","00:15:5d:f3:51:c7","82.102.159.46","172.18.253.191",,,"17","Protected Payload (KP0), PKN: 119, STREAM(0)"
"175","0.300588694","1292","00:15:5d:99:89:6f","00:15:5d:f3:51:c7","82.102.159.46","172.18.253.191",,,"17","Protected Payload (KP0), PKN: 120, STREAM(0)"
"176","0.300588759","1292","00:15:5d:99:89:6f","00:15:5d:f3:51:c7","82.102.159.46","172.18.253.191",,,"17","Protected Payload (KP0), PKN: 121, STREAM(0)"
"177","0.300588824","1292","00:15:5d:99:89:6f","00:15:5d:f3:51:c7","82.102.159.46","172.18.253.191",,,"17","Protected Payload (KP0), PKN: 122, STREAM(0)"
"178","0.300588889","1292","00:15:5d:99:89:6f","00:15:5d:f3:51:c7","82.102.159.46","172.18.253.191",,,"17","Protected Payload (KP0), PKN: 123, STREAM(0)"
"179","0.300638292","1292","00:15:5d:99:89:6f","00:15:5d:f3:51:c7","82.102.159.46","172.18.253.191",,,"17","Protected Payload (KP0), PKN: 124, STREAM(0)"
"180","0.300638433","1292","00:15:5d:99:89:6f","00:15:5d:f3:51:c7","82.102.159.46","172.18.253.191",,,"17","Protected Payload (KP0), PKN: 125, STREAM(0)"
"181","0.300638531","1292","00:15:5d:99:89:6f","00:15:5d:f3:51:c7","82.102.159.46","172.18.253.191",,,"17","Protected Payload (KP0), PKN: 126, STREAM(0)"
"182","0.300638596","1292","00:15:5d:99:89:6f","00:15:5d:f3:51:c7","82.102.159.46","172.18.253.191",,,"17","Protected Payload (KP0), PKN: 127, STREAM(0)"
"183","0.300638661","1292","00:15:5d:99:89:6f","00:15:5d:f3:51:c7","82.102.159.46","172.18.253.191",,,"17","Protected Payload (KP0), PKN: 128, STREAM(0)"
"184","0.301001802","75","00:15:5d:f3:51:c7","00:15:5d:99:89:6f","172.18.253.191","82.102.159.46",,,"17","Protected Payload (KP0), DCID=e52a770eabaac661, PKN: 58, ACK"
"185","0.303757901","76","00:15:5d:f3:51:c7","00:15:5d:99:89:6f","172.18.253.191","82.102.159.46",,,"17","Protected Payload (KP0), DCID=e52a770eabaac661, PKN: 59, ACK"
"186","0.317230474","82","00:15:5d:f3:51:c7","00:15:5d:99:89:6f","172.18.253.191","82.102.159.46",,,"17","Protected Payload (KP0), DCID=e52a770eabaac661, PKN: 60, STREAM(6), SS(0), RS(0)"
"187","0.318083479","92","00:15:5d:f3:51:c7","00:15:5d:99:89:6f","172.18.253.191","82.102.159.46",,,"17","Protected Payload (KP0), DCID=e52a770eabaac661, PKN: 61, ACK, CC"
"188","0.332641717","1292","00:15:5d:99:89:6f","00:15:5d:f3:51:c7","82.102.159.46","172.18.253.191",,,"17","Protected Payload (KP0), PKN: 129, STREAM(0)"
"189","0.332660005","590","00:15:5d:f3:51:c7","00:15:5d:99:89:6f","172.18.253.191","82.102.159.46",,,"1","Destination unreachable (Port unreachable)"
"190","0.334235324","1292","00:15:5d:99:89:6f","00:15:5d:f3:51:c7","82.102.159.46","172.18.253.191",,,"17","Protected Payload (KP0), PKN: 130, STREAM(0)"
"191","0.334235432","1292","00:15:5d:99:89:6f","00:15:5d:f3:51:c7","82.102.159.46","172.18.253.191",,,"17","Protected Payload (KP0), PKN: 131, STREAM(0)"
"192","0.334235475","1292","00:15:5d:99:89:6f","00:15:5d:f3:51:c7","82.102.159.46","172.18.253.191",,,"17","Protected Payload (KP0), PKN: 132, STREAM(0)"
"193","0.334235519","1292","00:15:5d:99:89:6f","00:15:5d:f3:51:c7","82.102.159.46","172.18.253.191",,,"17","Protected Payload (KP0), PKN: 133, STREAM(0)"
"194","0.334235562","1292","00:15:5d:99:89:6f","00:15:5d:f3:51:c7","82.102.159.46","172.18.253.191",,,"17","Protected Payload (KP0), PKN: 134, STREAM(0)"
"195","0.334235595","1292","00:15:5d:99:89:6f","00:15:5d:f3:51:c7","82.102.159.46","172.18.253.191",,,"17","Protected Payload (KP0), PKN: 135, STREAM(0)"
"196","0.334235638","1292","00:15:5d:99:89:6f","00:15:5d:f3:51:c7","82.102.159.46","172.18.253.191",,,"17","Protected Payload (KP0), PKN: 136, STREAM(0)"
"197","0.334247198","590","00:15:5d:f3:51:c7","00:15:5d:99:89:6f","172.18.253.191","82.102.159.46",,,"1","Destination unreachable (Port unreachable)"
"198","0.334251325","590","00:15:5d:f3:51:c7","00:15:5d:99:89:6f","172.18.253.191","82.102.159.46",,,"1","Destination unreachable (Port unreachable)"
"199","0.334253796","590","00:15:5d:f3:51:c7","00:15:5d:99:89:6f","172.18.253.191","82.102.159.46",,,"1","Destination unreachable (Port unreachable)"
"200","0.334256201","590","00:15:5d:f3:51:c7","00:15:5d:99:89:6f","172.18.253.191","82.102.159.46",,,"1","Destination unreachable (Port unreachable)"
"201","0.334258573","590","00:15:5d:f3:51:c7","00:15:5d:99:89:6f","172.18.253.191","82.102.159.46",,,"1","Destination unreachable (Port unreachable)"
"202","0.356232897","1292","00:15:5d:99:89:6f","00:15:5d:f3:51:c7","82.102.159.46","172.18.253.191",,,"17","Protected Payload (KP0), PKN: 137, STREAM(0)"
"203","0.356233092","1292","00:15:5d:99:89:6f","00:15:5d:f3:51:c7","82.102.159.46","172.18.253.191",,,"17","Protected Payload (KP0), PKN: 138, STREAM(0)"
"204","0.356233168","1292","00:15:5d:99:89:6f","00:15:5d:f3:51:c7","82.102.159.46","172.18.253.191",,,"17","Protected Payload (KP0), PKN: 139, ACK, STREAM(0)"
"205","0.356233244","1292","00:15:5d:99:89:6f","00:15:5d:f3:51:c7","82.102.159.46","172.18.253.191",,,"17","Protected Payload (KP0), PKN: 140, STREAM(0)"
"206","0.356233309","1292","00:15:5d:99:89:6f","00:15:5d:f3:51:c7","82.102.159.46","172.18.253.191",,,"17","Protected Payload (KP0), PKN: 141, STREAM(0)"
"207","0.356233374","1292","00:15:5d:99:89:6f","00:15:5d:f3:51:c7","82.102.159.46","172.18.253.191",,,"17","Protected Payload (KP0), PKN: 142, STREAM(0)"
"208","0.356233439","1292","00:15:5d:99:89:6f","00:15:5d:f3:51:c7","82.102.159.46","172.18.253.191",,,"17","Protected Payload (KP0), PKN: 143, STREAM(0)"
"209","0.356233504","1292","00:15:5d:99:89:6f","00:15:5d:f3:51:c7","82.102.159.46","172.18.253.191",,,"17","Protected Payload (KP0), PKN: 144, STREAM(0)"
"210","0.356265724","1292","00:15:5d:99:89:6f","00:15:5d:f3:51:c7","82.102.159.46","172.18.253.191",,,"17","Protected Payload (KP0), PKN: 145, STREAM(0)"
"211","0.356265811","1292","00:15:5d:99:89:6f","00:15:5d:f3:51:c7","82.102.159.46","172.18.253.191",,,"17","Protected Payload (KP0), PKN: 146, STREAM(0)"
"212","0.356265887","1292","00:15:5d:99:89:6f","00:15:5d:f3:51:c7","82.102.159.46","172.18.253.191",,,"17","Protected Payload (KP0), PKN: 147, STREAM(0)"
"213","0.356265952","1292","00:15:5d:99:89:6f","00:15:5d:f3:51:c7","82.102.159.46","172.18.253.191",,,"17","Protected Payload (KP0), PKN: 148, STREAM(0)"
"214","0.356266017","1292","00:15:5d:99:89:6f","00:15:5d:f3:51:c7","82.102.159.46","172.18.253.191",,,"17","Protected Payload (KP0), PKN: 149, STREAM(0)"
"215","0.356266082","1292","00:15:5d:99:89:6f","00:15:5d:f3:51:c7","82.102.159.46","172.18.253.191",,,"17","Protected Payload (KP0), PKN: 150, STREAM(0)"
"216","0.356266147","1292","00:15:5d:99:89:6f","00:15:5d:f3:51:c7","82.102.159.46","172.18.253.191",,,"17","Protected Payload (KP0), PKN: 151, STREAM(0)"
"217","0.356266212","1292","00:15:5d:99:89:6f","00:15:5d:f3:51:c7","82.102.159.46","172.18.253.191",,,"17","Protected Payload (KP0), PKN: 152, STREAM(0)"
"218","0.356283687","1292","00:15:5d:99:89:6f","00:15:5d:f3:51:c7","82.102.159.46","172.18.253.191",,,"17","Protected Payload (KP0), PKN: 153, STREAM(0)"
"219","0.356283774","1292","00:15:5d:99:89:6f","00:15:5d:f3:51:c7","82.102.159.46","172.18.253.191",,,"17","Protected Payload (KP0), PKN: 154, STREAM(0)"
"220","0.356283839","1292","00:15:5d:99:89:6f","00:15:5d:f3:51:c7","82.102.159.46","172.18.253.191",,,"17","Protected Payload (KP0), PKN: 155, STREAM(0)"
"221","0.356283904","1292","00:15:5d:99:89:6f","00:15:5d:f3:51:c7","82.102.159.46","172.18.253.191",,,"17","Protected Payload (KP0), PKN: 156, STREAM(0)"
"222","0.356283969","1292","00:15:5d:99:89:6f","00:15:5d:f3:51:c7","82.102.159.46","172.18.253.191",,,"17","Protected Payload (KP0), PKN: 157, STREAM(0)"
"223","0.356284034","1292","00:15:5d:99:89:6f","00:15:5d:f3:51:c7","82.102.159.46","172.18.253.191",,,"17","Protected Payload (KP0), PKN: 158, STREAM(0)"
"224","0.356284099","1292","00:15:5d:99:89:6f","00:15:5d:f3:51:c7","82.102.159.46","172.18.253.191",,,"17","Protected Payload (KP0), PKN: 159, STREAM(0)"
"225","0.356284164","1292","00:15:5d:99:89:6f","00:15:5d:f3:51:c7","82.102.159.46","172.18.253.191",,,"17","Protected Payload (KP0), PKN: 160, STREAM(0)"
"226","0.356300436","1292","00:15:5d:99:89:6f","00:15:5d:f3:51:c7","82.102.159.46","172.18.253.191",,,"17","Protected Payload (KP0), PKN: 161, STREAM(0)"
"227","0.356300523","1292","00:15:5d:99:89:6f","00:15:5d:f3:51:c7","82.102.159.46","172.18.253.191",,,"17","Protected Payload (KP0), PKN: 162, STREAM(0)"
"228","0.356300588","1292","00:15:5d:99:89:6f","00:15:5d:f3:51:c7","82.102.159.46","172.18.253.191",,,"17","Protected Payload (KP0), PKN: 163, STREAM(0)"
"229","0.375022752","1292","00:15:5d:99:89:6f","00:15:5d:f3:51:c7","82.102.159.46","172.18.253.191",,,"17","Protected Payload (KP0), PKN: 164, STREAM(0)"
"230","0.375022990","1292","00:15:5d:99:89:6f","00:15:5d:f3:51:c7","82.102.159.46","172.18.253.191",,,"17","Protected Payload (KP0), PKN: 165, STREAM(0)"
"231","0.375023077","1292","00:15:5d:99:89:6f","00:15:5d:f3:51:c7","82.102.159.46","172.18.253.191",,,"17","Protected Payload (KP0), PKN: 166, STREAM(0)"
"232","0.375023153","1292","00:15:5d:99:89:6f","00:15:5d:f3:51:c7","82.102.159.46","172.18.253.191",,,"17","Protected Payload (KP0), PKN: 167, STREAM(0)"
"233","0.375023207","1292","00:15:5d:99:89:6f","00:15:5d:f3:51:c7","82.102.159.46","172.18.253.191",,,"17","Protected Payload (KP0), PKN: 168, STREAM(0)"
"234","0.375023272","1292","00:15:5d:99:89:6f","00:15:5d:f3:51:c7","82.102.159.46","172.18.253.191",,,"17","Protected Payload (KP0), PKN: 169, STREAM(0)"
"235","0.375023337","1292","00:15:5d:99:89:6f","00:15:5d:f3:51:c7","82.102.159.46","172.18.253.191",,,"17","Protected Payload (KP0), PKN: 170, STREAM(0)"
"236","0.380564216","1292","00:15:5d:99:89:6f","00:15:5d:f3:51:c7","82.102.159.46","172.18.253.191",,,"17","Protected Payload (KP0), PKN: 171, STREAM(0)"
"237","0.380564476","1292","00:15:5d:99:89:6f","00:15:5d:f3:51:c7","82.102.159.46","172.18.253.191",,,"17","Protected Payload (KP0), PKN: 172, STREAM(0)"
"238","0.380564573","1292","00:15:5d:99:89:6f","00:15:5d:f3:51:c7","82.102.159.46","172.18.253.191",,,"17","Protected Payload (KP0), PKN: 173, STREAM(0)"
"239","0.380564660","1292","00:15:5d:99:89:6f","00:15:5d:f3:51:c7","82.102.159.46","172.18.253.191",,,"17","Protected Payload (KP0), PKN: 174, STREAM(0)"
"240","0.380564746","1292","00:15:5d:99:89:6f","00:15:5d:f3:51:c7","82.102.159.46","172.18.253.191",,,"17","Protected Payload (KP0), PKN: 175, STREAM(0)"
"241","0.380564822","1292","00:15:5d:99:89:6f","00:15:5d:f3:51:c7","82.102.159.46","172.18.253.191",,,"17","Protected Payload (KP0), PKN: 176, STREAM(0)"
"242","0.380564898","1292","00:15:5d:99:89:6f","00:15:5d:f3:51:c7","82.102.159.46","172.18.253.191",,,"17","Protected Payload (KP0), PKN: 177, STREAM(0)"
"243","0.380564974","1292","00:15:5d:99:89:6f","00:15:5d:f3:51:c7","82.102.159.46","172.18.253.191",,,"17","Protected Payload (KP0), PKN: 178, STREAM(0)"
"244","0.380595407","1292","00:15:5d:99:89:6f","00:15:5d:f3:51:c7","82.102.159.46","172.18.253.191",,,"17","Protected Payload (KP0), PKN: 179, STREAM(0)"
"245","0.380595526","1292","00:15:5d:99:89:6f","00:15:5d:f3:51:c7","82.102.159.46","172.18.253.191",,,"17","Protected Payload (KP0), PKN: 180, STREAM(0)"
"246","0.380595613","1292","00:15:5d:99:89:6f","00:15:5d:f3:51:c7","82.102.159.46","172.18.253.191",,,"17","Protected Payload (KP0), PKN: 181, STREAM(0)"
"247","0.380595688","1292","00:15:5d:99:89:6f","00:15:5d:f3:51:c7","82.102.159.46","172.18.253.191",,,"17","Protected Payload (KP0), PKN: 182, STREAM(0)"
"248","0.380595753","1292","00:15:5d:99:89:6f","00:15:5d:f3:51:c7","82.102.159.46","172.18.253.191",,,"17","Protected Payload (KP0), PKN: 183, STREAM(0)"
"249","0.380595829","1292","00:15:5d:99:89:6f","00:15:5d:f3:51:c7","82.102.159.46","172.18.253.191",,,"17","Protected Payload (KP0), PKN: 184, STREAM(0)"
"250","0.380595905","1292","00:15:5d:99:89:6f","00:15:5d:f3:51:c7","82.102.159.46","172.18.253.191",,,"17","Protected Payload (KP0), PKN: 185, STREAM(0)"
"251","0.380595970","1292","00:15:5d:99:89:6f","00:15:5d:f3:51:c7","82.102.159.46","172.18.253.191",,,"17","Protected Payload (KP0), PKN: 186, STREAM(0)"
"252","0.380610683","1292","00:15:5d:99:89:6f","00:15:5d:f3:51:c7","82.102.159.46","172.18.253.191",,,"17","Protected Payload (KP0), PKN: 187, STREAM(0)"
"253","0.380610759","1292","00:15:5d:99:89:6f","00:15:5d:f3:51:c7","82.102.159.46","172.18.253.191",,,"17","Protected Payload (KP0), PKN: 188, STREAM(0)"
"254","0.386368155","1292","00:15:5d:99:89:6f","00:15:5d:f3:51:c7","82.102.159.46","172.18.253.191",,,"17","Protected Payload (KP0), PKN: 189, STREAM(0)"
"255","0.386368285","1292","00:15:5d:99:89:6f","00:15:5d:f3:51:c7","82.102.159.46","172.18.253.191",,,"17","Protected Payload (KP0), PKN: 190, STREAM(0)"
"256","0.386368350","1292","00:15:5d:99:89:6f","00:15:5d:f3:51:c7","82.102.159.46","172.18.253.191",,,"17","Protected Payload (KP0), PKN: 191, STREAM(0)"
"257","0.386368393","1292","00:15:5d:99:89:6f","00:15:5d:f3:51:c7","82.102.159.46","172.18.253.191",,,"17","Protected Payload (KP0), PKN: 192, STREAM(0)"
"258","0.386368447","1292","00:15:5d:99:89:6f","00:15:5d:f3:51:c7","82.102.159.46","172.18.253.191",,,"17","Protected Payload (KP0), PKN: 193, STREAM(0)"
"259","0.386368502","1292","00:15:5d:99:89:6f","00:15:5d:f3:51:c7","82.102.159.46","172.18.253.191",,,"17","Protected Payload (KP0), PKN: 194, STREAM(0)"
"260","0.386368545","1292","00:15:5d:99:89:6f","00:15:5d:f3:51:c7","82.102.159.46","172.18.253.191",,,"17","Protected Payload (KP0), PKN: 195, STREAM(0)"
"261","0.386368599","1292","00:15:5d:99:89:6f","00:15:5d:f3:51:c7","82.102.159.46","172.18.253.191",,,"17","Protected Payload (KP0), PKN: 196, STREAM(0)"
"262","0.386386475","1292","00:15:5d:99:89:6f","00:15:5d:f3:51:c7","82.102.159.46","172.18.253.191",,,"17","Protected Payload (KP0), PKN: 197, STREAM(0)"
"263","0.386386529","1292","00:15:5d:99:89:6f","00:15:5d:f3:51:c7","82.102.159.46","172.18.253.191",,,"17","Protected Payload (KP0), PKN: 198, STREAM(0)"
"264","0.386386573","1292","00:15:5d:99:89:6f","00:15:5d:f3:51:c7","82.102.159.46","172.18.253.191",,,"17","Protected Payload (KP0), PKN: 199, STREAM(0)"
"265","0.386386616","1292","00:15:5d:99:89:6f","00:15:5d:f3:51:c7","82.102.159.46","172.18.253.191",,,"17","Protected Payload (KP0), PKN: 200, STREAM(0)"
"266","0.386386659","1292","00:15:5d:99:89:6f","00:15:5d:f3:51:c7","82.102.159.46","172.18.253.191",,,"17","Protected Payload (KP0), PKN: 201, STREAM(0)"
"267","0.386386703","1292","00:15:5d:99:89:6f","00:15:5d:f3:51:c7","82.102.159.46","172.18.253.191",,,"17","Protected Payload (KP0), PKN: 202, STREAM(0)"
"268","0.398015880","74","00:15:5d:99:89:6f","00:15:5d:f3:51:c7","82.102.159.46","172.18.253.191",,,"17","Protected Payload (KP0), PKN: 203, ACK, RS(0)"
